Trial,Cue,Category,Prob_cat,CueOnset,CueOffset,Prediction,ReactionTime,rt,PredOnset,PredOffset,WordOnset,WordOffset
1,Cue 2,ANIMAL,Congruent,5.2915718000003835,6.841074500000104,1,9.173760999998194,0.828530500002671,8.345230499995523,9.858175100001972,11.359351699997205,12.858130299995537
