Trial,Cue,Category,Prob_cat,CueOnset,CueOffset,Prediction,ReactionTime,PredOnset,PredOffset,WordOnset,WordOffset
1,Cue 2,ANIMAL,Congruent,6.504269399913028,8.020577499992214,1,10.189746499992907,9.525953799951822,11.039940199931152,12.542818099958822,14.058809999958612
