Trial,Cue,Category,Prob_cat,CueOnset,CueOffset,Prediction,ReactionTime,PredOnset,PredOffset,WordOnset,WordOffset
1,Cue 2,ANIMAL,Congruent,7.376959000015631,8.893338500056416,,,10.398806900018826,11.915409300010651,13.415557699976489,14.915065399953164
2,Cue 1,ANIMAL,Incongruent,16.4154339999659,17.94850579998456,,,19.45147990004625,20.965936599997804,22.46585939999204,23.965575900045224
