Trial,Cue,Category,Prob_cat,CueOnset,CueOffset,Prediction,ReactionTime,rt,PredOnset,PredOffset,WordOnset,WordOffset
1,Cue 2,ANIMAL,Congruent,6.616828399943188,8.133963600033894,1,10.13558819994796,0.4974200000287965,9.638168199919164,11.135552000021562,12.63860049995128,14.138688399922103
2,Cue 1,ANIMAL,Incongruent,15.638866699999198,17.172208599979058,1,19.155814399942756,0.47965469991322607,18.67615970002953,20.17280049994588,21.67243929998949,23.172542799962685
