Trial,Cue,Category,Prob_cat,CueOnset,CueOffset,Prediction,ReactionTime,PredOnset,PredOffset,WordOnset,WordOffset
1,Cue 1,TOOL,Congruent,51.85841909999726,53.39227519999258,1,55.24805940000806,54.89801050000824,56.41270079999231,57.913815200008685,59.414226599998074
2,Cue 1,TOOL,Congruent,60.91672020000988,62.43336080000154,1,64.23596389999148,63.94146249999176,65.45432180000353,66.95425710000563,68.45507769999676
3,Cue 2,ANIMAL,Congruent,69.9570628000074,71.52477670001099,0,73.35062240000116,73.03003029999672,74.54554819999612,76.04555460001575,77.5458501999965
