Trial,Cue,Category,Prob_cat,CueOnset,CueOffset,Prediction,ReactionTime,PredOnset,PredOffset,WordOnset,WordOffset
1,Cue 2,ANIMAL,Congruent,9.891316599911079,11.407679699943401,1,13.382403599913232,12.913625999935903,14.427616399945691,15.927758199977688,17.42728259996511
2,Cue 1,ANIMAL,Incongruent,18.927884900011122,20.460580299957655,1,22.96130500000436,21.96385639999062,23.478141699917614,24.978133799973875,26.47785149991978
