Trial,Cue,Category,Prob_cat,CueOnset,CueOffset,Prediction,ReactionTime,rt,PredOnset,PredOffset,WordOnset,WordOffset
1,Pictures/Cue1_hammer.png,ANIMAL,Congruent,6.5931345000863075,8.110048600006849,0,10.213408900075592,0.5976921999827027,9.61571670009289,11.112544500036165,12.614923499990255,14.115034600021318
2,Pictures/Cue2_cat.png,ANIMAL,Congruent,15.615179300075397,17.148575500003062,0,19.04894630005583,0.39777350006625056,18.65117279998958,20.14891800004989,21.648827800061554,23.149017699994147
3,Pictures/Cue1_hammer.png,ANIMAL,Incongruent,24.649084800039418,26.199144200072624,1,28.117616200004704,0.4118364999303594,27.705779700074345,29.19956550002098,30.69942760001868,32.19948640000075
4,Pictures/Cue2_cat.png,TOOL,Incongruent,33.69963819999248,35.23307439999189,0,37.71680140006356,0.9771436000009999,36.73965780006256,38.233505000011064,39.73328980000224,41.23335320001934
