Trial,Cue,Category,Prob_cat,CueOnset,CueOffset,Prediction,ReactionTime,rt,PredOnset,PredOffset,WordOnset,WordOffset
1,Cue 1,TOOL,Congruent,6.983925299951807,8.500707400031388,1,10.502813500002958,0.49669259996153414,10.006120900041424,11.503207099973224,13.005422799964435,14.522078900015913
2,Cue 2,TOOL,Incongruent,16.022249200032093,17.538666300009936,1,19.355717799975537,0.3138312000082806,19.041886599967256,20.539518099976704,22.039293300011195,23.534927399945445
