Trial,Cue,Category,Prob_cat,CueOnset,CueOffset,Prediction,ReactionTime,PredOnset,PredOffset,WordOnset,WordOffset
1,Cue 1,TOOL,Congruent,22.627422699937597,24.160784899955615,1,26.165840299916454,25.66499659989495,27.178168799960986,28.678322999970987,30.177574199973606
2,Cue 1,TOOL,Congruent,31.678504699957557,33.21103199990466,1,35.67827329994179,34.71393669990357,36.22889719996601,37.72880429995712,39.22813849989325
