Trial,Cue,Category,Prob_cat,CueOnset,CueOffset,Prediction,ReactionTime,rt,PredOnset,PredOffset,WordOnset,WordOffset
1,Cue 1,TOOL,Congruent,5.6001855000067735,7.1501118000014685,1,9.21707480000623,0.5632275999960257,8.653847200010205,10.168885100007174,11.669407599998522,13.169124000007287
2,Cue 2,TOOL,Incongruent,14.669629399999394,16.187792600001558,0,18.00482170000032,0.3138524999958463,17.690969200004474,19.205849500009208,20.70659080000769,22.20613659999799
