Trial,Cue,Category,Prob_cat,CueOnset,CueOffset,Prediction,ReactionTime,PredOnset,PredOffset,WordOnset,WordOffset
1,Cue 1,TOOL,Congruent,5.9763383999234065,7.492742299917154,1,9.542992500006221,8.996076599927619,10.5100056999363,12.010100099956617,13.509755400009453
2,Cue 1,ANIMAL,Incongruent,15.010173099930398,16.526510199997574,1,18.46020899992436,18.02941779990215,19.543886699946597,21.04393359995447,22.54578919999767
