Trial,Cue,Category,Prob_cat,CueOnset,CueOffset,Prediction,ReactionTime,PredOnset,PredOffset,WordOnset,WordOffset
1,Cue 2,ANIMAL,Congruent,6.996324099949561,8.512689299997874,1,10.452682200004347,10.018145499983802,11.532328899949789,13.034732699976303,14.534500099951401
2,Cue 2,ANIMAL,Incongruent,16.034891599905677,17.551384099991992,0,19.568395599955693,19.054242399986833,20.56878719991073,22.068780299974605,23.568312399904244
