Trial,Cue,Category,Prob_cat,CueOnset,CueOffset,Prediction,ReactionTime,PredOnset,PredOffset,WordOnset,WordOffset
1,Cue 2,TOOL,Congruent,6.476504800026305,7.993003100040369,1,9.988774099969305,9.498254799982533,11.01245579996612,12.514918399974704,14.014594599953853
2,Cue 2,ANIMAL,Congruent,15.51514859998133,17.031479900004342,1,18.99882009997964,18.534530799952336,20.048792999936268,21.54885399993509,23.048432199982926
3,Cue 1,TOOL,Congruent,24.548927500029095,26.082063899957575,0,27.932425200007856,27.584822900011204,29.099281799979508,30.599275000044145,32.099051099969074
4,Cue 1,TOOL,Congruent,33.59954369999468,35.11589959997218,1,37.11627180001233,36.61877940001432,38.13322820002213,39.63318939995952,41.13287630002014
