Trial,Cue,Category,Prob_cat,CueOnset,CueOffset,Prediction,ReactionTime,rt,PredOnset,PredOffset,WordOnset,WordOffset
1,Pictures/Cue2_cat.png,ANIMAL,Congruent,6.5126664999406785,8.029571300023235,1,9.998586699948646,0.4631420000223443,9.535444699926302,11.032244300004095,12.534527999931015,14.034528899937868
2,Pictures/Cue1_hammer.png,TOOL,Congruent,15.534645100007765,17.06801489996724,0,18.95173309999518,0.37954410002566874,18.572188999969512,20.06865079991985,21.568361099925824,23.068435200024396
3,Pictures/Cue1_hammer.png,ANIMAL,Incongruent,24.568484699935652,26.10198479995597,0,27.857454799930565,0.25288759998511523,27.60456719994545,29.10263500001747,30.602201199973933,32.10228539991658
4,Pictures/Cue1_hammer.png,ANIMAL,Incongruent,33.60236150003038,35.13585790002253,1,37.169404099928215,0.5310033999849111,36.638400699943304,38.136291999951936,39.63609509996604,41.136271900031716
